Summary,Issue key,Issue id,Issue Type,Status,Project key,Project name,Project type,Project lead,Project lead id,Project description,Priority,Resolution,Assignee,Assignee Id,Reporter,Reporter Id,Creator,Creator Id,Created,Updated,Last Viewed,Resolved,Due date,Votes,Description,Environment,Watchers,Watchers Id,Original estimate,Remaining Estimate,Time Spent,Work Ratio,Σ Original Estimate,Σ Remaining Estimate,Σ Time Spent,Security Level,Outward issue link (Blocks),Custom field (Issue color),Custom field (Rank),Sprint,Parent,Parent key,Parent summary,Status Category,Status Category Changed,Type,Author,Date,Details
Backfill Scripts,FM-13,10019,Story,In Progress,FM,Quant Dev,software,Alejandro Licona,712020:a8d6879e-6fd6-4626-a50d-64b36f2c5bfc,Your first project,Medium,,,,Alejandro Licona,712020:a8d6879e-6fd6-4626-a50d-64b36f2c5bfc,Alejandro Licona,712020:a8d6879e-6fd6-4626-a50d-64b36f2c5bfc,09/Jan/26 11:17 AM,16/Jan/26 11:57 AM,22/Feb/26 11:59 PM,,,0,"# Implement a source-specific adapter to fetch historical data from data source
*Tasks*
#* Authenticate with source API
#* Implement historical fetch by date range
#* Handle pagination / rate limits
#* Normalize raw responses
# *Acceptance Criteria*
#* Data can be fetched for arbitrary date ranges
#* Rate limits and retries handled gracefully
#* Raw data maps cleanly to canonical schema



# Integrate Source A adapter into the backfill framework and persist data into Supabase.
*Tasks*
#* Plug adapter into backfill runner
#* Transform data into canonical format
#* Write to Supabase using integration layer
#* Enable chunked ingestion
# *Acceptance Criteria*
#* Full historical range can be ingested
#* Data is persisted correctly in Supabase
#* Job is restartable and idempotent",,Alejandro Licona,712020:a8d6879e-6fd6-4626-a50d-64b36f2c5bfc,,,,,,,,,FM-15,,0|i0001r:i,Sprint 1,10004,FM-5,Historical Data Backfill Pipeline,In Progress,14/Jan/26 12:48 PM,HISTORY,Alejandro Licona,Fri Jan 16 16:57:21 UTC 2026,Updated the Rank: None -> Ranked higher
,,,,,,,,,,,,,,,,,,,,,,,,,,,,,,,,,,,,,,,,,,,,,,COMMENT,Alejandro Licona,Fri Jan 16 16:51:51 UTC 2026,I need to double check defi llama tvl methodology
,,,,,,,,,,,,,,,,,,,,,,,,,,,,,,,,,,,,,,,,,,,,,,COMMENT,Alejandro Licona,Fri Jan 16 16:48:57 UTC 2026,"start date is 2021-01-01 
end 2026-01-01"
,,,,,,,,,,,,,,,,,,,,,,,,,,,,,,,,,,,,,,,,,,,,,,COMMENT,Alejandro Licona,Thu Jan 15 21:35:48 UTC 2026,"working on add these CoinMetrics Endpoints to the backfill_data folder

# *Pair Candles* - OHLCV candles for asset pairs (btc-usd, eth-usd)

# *Market Open Interest* - Open interest for futures markets

# *Market Liquidations* - Liquidation events for futures

# *Market Funding Rates* - Funding rates for perpetual futures

# *Market Orderbooks* - Order book snapshots

# *Market Candles* - OHLCV candles for specific markets (exchange-specific)

# *Market Implied Volatility* - Implied volatility for options

# *Market Greeks* - Option greeks (delta, gamma, vega, theta, rho)"
,,,,,,,,,,,,,,,,,,,,,,,,,,,,,,,,,,,,,,,,,,,,,,HISTORY,Alejandro Licona,Wed Jan 14 17:48:16 UTC 2026,Updated the Rank: None -> Ranked higher
,,,,,,,,,,,,,,,,,,,,,,,,,,,,,,,,,,,,,,,,,,,,,,HISTORY,Alejandro Licona,Wed Jan 14 17:48:16 UTC 2026,Changed the Status: To Do -> In Progress
,,,,,,,,,,,,,,,,,,,,,,,,,,,,,,,,,,,,,,,,,,,,,,HISTORY,Alejandro Licona,Fri Jan 09 17:07:58 UTC 2026,Updated the Link: None -> This work item blocks FM-15
,,,,,,,,,,,,,,,,,,,,,,,,,,,,,,,,,,,,,,,,,,,,,,HISTORY,Alejandro Licona,Fri Jan 09 16:17:49 UTC 2026,Changed the Parent: None -> FM-5
,,,,,,,,,,,,,,,,,,,,,,,,,,,,,,,,,,,,,,,,,,,,,,HISTORY,Alejandro Licona,Fri Jan 09 16:17:49 UTC 2026,Created the Work item
